{
  "drywall_iou": 0.12336302797820826,
  "drywall_dice": 0.18878757933466114,
  "cracks_iou": 0.42765740435570476,
  "cracks_dice": 0.574397599697113,
  "overall_iou": 0.19713136164548015,
  "overall_dice": 0.28226879639222524,
  "pixel_accuracy": 0.9020958662033081
}